{"cameraMode":{"drawMode":0,"name":"Shaded","section":"Shading Mode"},"sceneLighting":false,"audioPlay":false,"sceneViewState":{"m_AlwaysRefresh":false,"showFog":true,"showSkybox":false,"showFlares":true,"showImageEffects":true,"showParticleSystems":true,"showVisualEffectGraphs":true,"m_FxEnabled":true},"in2DMode":false,"pivot":{"x":-0.6700000166893005,"y":2.069999933242798,"z":-2.4600000381469728},"rotation":{"x":0.20770229399204255,"y":-0.49001505970954897,"z":0.12147121131420136,"w":0.8378567695617676},"size":1.251865029335022,"orthographic":false}