{"cameraMode":{"drawMode":0,"name":"Shaded","section":"Shading Mode"},"sceneLighting":true,"audioPlay":false,"sceneViewState":{"m_AlwaysRefresh":false,"showFog":true,"showSkybox":true,"showFlares":true,"showImageEffects":true,"showParticleSystems":true,"showVisualEffectGraphs":true,"m_FxEnabled":true},"in2DMode":false,"pivot":{"x":3.6969964504241945,"y":-0.29499995708465578,"z":8.632556915283204},"rotation":{"x":-0.3086833953857422,"y":-0.00371228507719934,"z":0.0012038064887747169,"w":-0.9511632919311523},"size":13.022601127624512,"orthographic":false}