{"cameraMode":{"drawMode":0,"name":"Shaded","section":"Shading Mode"},"sceneLighting":false,"audioPlay":false,"sceneViewState":{"m_AlwaysRefresh":false,"showFog":true,"showSkybox":true,"showFlares":true,"showImageEffects":true,"showParticleSystems":true,"showVisualEffectGraphs":true,"m_FxEnabled":true},"in2DMode":false,"pivot":{"x":-1.3064056634902955,"y":1.9928034543991089,"z":2.6527786254882814},"rotation":{"x":-0.24323786795139314,"y":0.346255362033844,"z":-0.09343700855970383,"w":-0.9012763500213623},"size":6.9677534103393559,"orthographic":false}