{"cameraMode":{"drawMode":0,"name":"Shaded","section":"Shading Mode"},"sceneLighting":false,"audioPlay":false,"sceneViewState":{"m_AlwaysRefresh":false,"showFog":true,"showSkybox":true,"showFlares":true,"showImageEffects":true,"showParticleSystems":true,"showVisualEffectGraphs":true,"m_FxEnabled":true},"in2DMode":false,"pivot":{"x":-1.5197362899780274,"y":1.4418821334838868,"z":2.6184325218200685},"rotation":{"x":-0.12401320785284043,"y":0.38843151926994326,"z":-0.052815478295087817,"w":-0.9116083383560181},"size":5.591281414031982,"orthographic":false}