{"cameraMode":{"drawMode":0,"name":"Shaded","section":"Shading Mode"},"sceneLighting":false,"audioPlay":false,"sceneViewState":{"m_AlwaysRefresh":false,"showFog":true,"showSkybox":true,"showFlares":true,"showImageEffects":true,"showParticleSystems":true,"showVisualEffectGraphs":true,"m_FxEnabled":true},"in2DMode":false,"pivot":{"x":-1.8409552574157715,"y":0.8451411724090576,"z":-0.38730478286743166},"rotation":{"x":0.18576838076114655,"y":-0.44845467805862429,"z":0.09586602449417114,"w":0.8690255284309387},"size":2.7647173404693605,"orthographic":false}